Title,Company,Location,Link
Software Entwickler 100 % m/w,Kohlberg & Partner GmbH,"Olten, Switzerland",https://stackoverflow.com/jobs/409831
生保向けシステム業務支援(Java),株式会社アイソル,"Chiyoda City, Japan",https://stackoverflow.com/jobs/310990
システムエンジニア,株式会社調和ソリューションズ,"Nagoya, Japan",https://stackoverflow.com/jobs/381515
プログラマ,株式会社ウェイブ・ビレッジ,"Osaka, Japan",https://stackoverflow.com/jobs/391174
フリーランス　物流業向け基幹システム開発　30代・40代活躍中,株式会社ビーブレイクシステムズ,"Minato City, Japan",https://stackoverflow.com/jobs/409690
池袋 基幹系小売り保守開発案件 SE,株式会社ビーネックスソリューションズ,"Toshima City, Japan",https://stackoverflow.com/jobs/409689
システムエンジニア,株式会社第一コンピューター,"Shibuya City, Japan",https://stackoverflow.com/jobs/409688
フリーランス　シュミレーションシステム開発　30代・40代活躍中,株式会社ビーブレイクシステムズ,"Taito City, Japan",https://stackoverflow.com/jobs/409687
開発エンジニア(cobol 末広町駅 送り状印字サービスシステム,株式会社ビーネックスソリューションズ,"Chiyoda City, Japan",https://stackoverflow.com/jobs/409686
プログラマー(PG)経験者歓迎/前職給与保証/転職者全員が前職より給与アップ/全社員毎年昇給,株式会社サンテクト,"Shinagawa City, Japan",https://stackoverflow.com/jobs/409669
システムエンジニア(SE)経験者歓迎/前職給与保証/転職者全員が前職より給与アップ/全社員毎年昇給,株式会社サンテクト,"Shinagawa City, Japan",https://stackoverflow.com/jobs/409668
(SE)システムエンジニア/福利厚生充実/奨学金手当/最大60万円/住宅手当(月額2万7000円)持ち家でも支給,株式会社サンテクト,"Chiyoda City, Japan",https://stackoverflow.com/jobs/409662
プログラマー(PG)福利厚生充実/奨学金手当/最大60万円/住宅手当(月額2万7000円)持ち家でも支給,株式会社サンテクト,"Chiyoda City, Japan",https://stackoverflow.com/jobs/409661
システムエンジニア(SE)経験者歓迎/前職給与保証/転職者全員が前職より給与アップ/全社員毎年昇給,株式会社サンテクト,"Takamatsu, Japan",https://stackoverflow.com/jobs/409650
プログラマー(PG)経験者歓迎/前職給与保証/転職者全員が前職より給与アップ/全社員毎年昇給,株式会社サンテクト,"Takamatsu, Japan",https://stackoverflow.com/jobs/409649
プログラマー(PG)業界未経験者歓迎/知識・経験に応じた研修制度が充実/中途入社の方100%が給与アップ,株式会社サンテクト,"Kariya, Japan",https://stackoverflow.com/jobs/409646
(SE)システムエンジニア/福利厚生充実/奨学金手当/最大60万円/住宅手当(月額2万7000円)持ち家でも支給,株式会社サンテクト,"Osaka, Japan",https://stackoverflow.com/jobs/409645
プログラマー(PG)福利厚生充実/奨学金手当/最大60万円/住宅手当(月額2万7000円)持ち家でも支給,株式会社サンテクト,"Osaka, Japan",https://stackoverflow.com/jobs/409644
システムエンジニア,株式会社キャデット,"Yokohama, Japan",https://stackoverflow.com/jobs/409643
システムエンジニア(SE)経験者歓迎/前職給与保証/転職者全員が前職より給与アップ/全社員毎年昇給,株式会社サンテクト,"Sagamihara, Japan",https://stackoverflow.com/jobs/409642
プログラマー,株式会社キャデット,"Yokohama, Japan",https://stackoverflow.com/jobs/409641
SE経験、PG経験のある方。 またはオペレータ、ヘルプデスク経験のある方。 契約社員だけでなく正社員希望の方、フリーランスの方も歓迎します。,株式会社アルナージュ,"Kakogawa, Japan",https://stackoverflow.com/jobs/314747
プログラマー(PG)業界未経験者歓迎/知識・経験に応じた研修制度が充実/中途入社の方100%が給与アップ,株式会社サンテクト,"Yokohama, Japan",https://stackoverflow.com/jobs/409640
プログラマー(PG)経験者歓迎/前職給与保証/転職者全員が前職より給与アップ/全社員毎年昇給,株式会社サンテクト,"Sagamihara, Japan",https://stackoverflow.com/jobs/409639
(SE)システムエンジニア/福利厚生充実/奨学金手当/最大60万円/住宅手当(月額2万7000円)持ち家でも支給,株式会社サンテクト,"Yokohama, Japan",https://stackoverflow.com/jobs/409638
プログラマー(PG)福利厚生充実/奨学金手当/最大60万円/住宅手当(月額2万7000円)持ち家でも支給,株式会社サンテクト,"Yokohama, Japan",https://stackoverflow.com/jobs/409637
システムエンジニア(SE)経験者歓迎/前職給与保証/転職者全員が前職より給与アップ/全社員毎年昇給,株式会社サンテクト,"Shinjuku City, Japan",https://stackoverflow.com/jobs/409624
プログラマー(PG)経験者歓迎/前職給与保証/転職者全員が前職より給与アップ/全社員毎年昇給,株式会社サンテクト,"Shinjuku City, Japan",https://stackoverflow.com/jobs/409623
Application Developer (m/f/div) in #Berlin,Deutsche Rentenversicherung Bund,"Berlin, Deutschland",https://stackoverflow.com/jobs/335915
ITスペシャリスト (メンバー/リーダー候補),株式会社Works Human Intelligence,"Nagoya, Japan",https://stackoverflow.com/jobs/381211
セキュリティエンジニア (メンバー),株式会社Works Human Intelligence,"Minato City, Japan",https://stackoverflow.com/jobs/381210
SRE(Site Reliability Engineer)エンジニア (メンバー),株式会社Works Human Intelligence,"Minato City, Japan",https://stackoverflow.com/jobs/381207
システムエンジニア,株式会社スタッフエージェント,"Fukuoka, Japan",https://stackoverflow.com/jobs/381173
基幹システム消費税対応詳細設計 (IT関連の会社でのお仕事です ) COBOL,株式会社スタッフサービス,"福岡市, Japan",https://stackoverflow.com/jobs/314733
JAVAエンジニア(SE),株式会社トレム,"Minato City, Japan",https://stackoverflow.com/jobs/398234
立飛駅|システムエンジニア(SE PG) 経験の浅い方も歓迎 賞与年2回 有給休暇取得率100% |アプリケーション設計(オープン WEB系),株式会社セプト 常駐先,"Tachikawa, Japan",https://stackoverflow.com/jobs/401915
甲州街道駅|システムエンジニア(SE PG) 経験の浅い方も歓迎 賞与年2回 有給休暇取得率100% |プログラマ(オープン WEB系),株式会社セプト 常駐先,"Hino, Japan",https://stackoverflow.com/jobs/406382
SE・プログラマー(Web系/スマホ/通信・組込み系),株式会社ヒューマンキャピタル　福岡支店,"Fukuoka, Japan",https://stackoverflow.com/jobs/409355
オープン系システム開発　システムエンジニア・プログラマ,株式会社ビジネス・インフォメーション・テクノロジー福岡支社,"Fukuoka, Japan",https://stackoverflow.com/jobs/409354
2年目より年収500万以上可な　社内システムエンジニア(SE)　　転勤無し、残業ほぼ無し,株式会社ラルスコーポレーション,"Osaka, Japan",https://stackoverflow.com/jobs/398203
システムエンジニア《自社開発/自社製品》/ポテンシャル採用,株式会社BBSアウトソーシングサービス,"Minato City, Japan",https://stackoverflow.com/jobs/382355
上流SE(保険案件)/田町,株式会社メトロ,"Minato City, Japan",https://stackoverflow.com/jobs/402897
ITエンジニア,株式会社H.R.M. 株式会社エムコスミック,"Chuo City, Japan",https://stackoverflow.com/jobs/409332
PL(金融系システム)/田町,株式会社メトロ,"Minato City, Japan",https://stackoverflow.com/jobs/402895
PL(保険案件)/田町,株式会社メトロ,"Minato City, Japan",https://stackoverflow.com/jobs/402894
PL(金融系システム)/静岡,株式会社メトロ,"Numazu, Japan",https://stackoverflow.com/jobs/402830
《第二新卒歓迎》システムエンジニア候補/沼津,株式会社メトロ,"Numazu, Japan",https://stackoverflow.com/jobs/402807
[Remote] Java Architect,CAIviaWade & Wendy,"Harrisburg, PA",https://stackoverflow.com/jobs/388922
フリーランス　組み込み系システム開発　30代・40代活躍中,株式会社ビーブレイクシステムズ,"Shinagawa City, Japan",https://stackoverflow.com/jobs/409125
フリーランス　帳票システム開発エンジニア　30代・40代活躍中,株式会社ビーブレイクシステムズ,"Chiyoda City, Japan",https://stackoverflow.com/jobs/409123
開発エンジニア,株式会社インター・ビュー,"Minato City, Japan",https://stackoverflow.com/jobs/409121
Web面談可能≪高月給≫&≪厚待遇≫で安定の正社員デビュー インフラエンジニア【平日のみ】,株式会社スリーケーシー,"Toshima City, Japan",https://stackoverflow.com/jobs/409120
フリーランス　教育系システム構築エンジニア　30代・40代活躍中,株式会社ビーブレイクシステムズ,"Taito City, Japan",https://stackoverflow.com/jobs/409119
業務系アプリケーション開発/年収900万円も可能!,株式会社イーエムアイ,"Shinjuku City, Japan",https://stackoverflow.com/jobs/409118
フリーランス　WEBサイト構築エンジニア　30代・40代活躍中,株式会社ビーブレイクシステムズ,"Shinjuku City, Japan",https://stackoverflow.com/jobs/409117
フリーランス　サービス業種向けシステム開発　30代・40代活躍中,株式会社ビーブレイクシステムズ,"Meguro City, Japan",https://stackoverflow.com/jobs/409116
フリーランス　ECサイト構築エンジニア　30代・40代活躍中,株式会社ビーブレイクシステムズ,"千代田区, Japan",https://stackoverflow.com/jobs/409114
フリーランス　モバイルアプリ構築エンジニア　30代・40代活躍中,株式会社ビーブレイクシステムズ,"Chiyoda City, Japan",https://stackoverflow.com/jobs/409113
フリーランス　エンハンス開発エンジニア　30代・40代活躍中,株式会社ビーブレイクシステムズ,"Chiyoda City, Japan",https://stackoverflow.com/jobs/409112
フリーランス　インフラ設計構築　30代・40代活躍中,株式会社ビーブレイクシステムズ,"Minato City, Japan",https://stackoverflow.com/jobs/409111
フリーランス　通信業界向けシステム構築　30代・40代活躍中,株式会社ビーブレイクシステムズ,"千代田区, Japan",https://stackoverflow.com/jobs/409110
フリーランス　製造業向けシステム開発　30代・40代活躍中,株式会社ビーブレイクシステムズ,"Minato City, Japan",https://stackoverflow.com/jobs/409109
フリーランス　システムマイグレーション対応　30代・40代活躍中,株式会社ビーブレイクシステムズ,"Koto City, Japan",https://stackoverflow.com/jobs/409073
フリーランス　データ関連システム フロント開発　30代・40代活躍中,株式会社ビーブレイクシステムズ,"Shinagawa City, Japan",https://stackoverflow.com/jobs/409071
フリーランス　サービス業種向けデータ分析　30代・40代活躍中,株式会社ビーブレイクシステムズ,"Tokyo, Japan",https://stackoverflow.com/jobs/409064
フリーランス　Webディレクター　30代・40代活躍中,株式会社ビーブレイクシステムズ,"Chiyoda City, Japan",https://stackoverflow.com/jobs/409063
フリーランス　システム構築支援　30代・40代活躍中,株式会社ビーブレイクシステムズ,"Toshima City, Japan",https://stackoverflow.com/jobs/409062
フリーランス　システムマイグレーション対応　30代・40代活躍中,株式会社ビーブレイクシステムズ,"Kita City, Japan",https://stackoverflow.com/jobs/409061
フリーランス　パッケージ開発　30代・40代活躍中,株式会社ビーブレイクシステムズ,"Chuo City, Japan",https://stackoverflow.com/jobs/409060
フリーランス　インフラ対応　30代・40代活躍中,株式会社ビーブレイクシステムズ,"Minato City, Japan",https://stackoverflow.com/jobs/409058
フリーランス　ネット証券向けシステム開発　30代・40代活躍中,株式会社ビーブレイクシステムズ,"Minato City, Japan",https://stackoverflow.com/jobs/409057
フリーランス　ツール作成業務　30代・40代活躍中,株式会社ビーブレイクシステムズ,"Ota City, Japan",https://stackoverflow.com/jobs/409049
フリーランス　アプリ構築　30代・40代活躍中,株式会社ビーブレイクシステムズ,"Shinjuku City, Japan",https://stackoverflow.com/jobs/409036
フリーランス　組み込み系開発業務　30代・40代活躍中,株式会社ビーブレイクシステムズ,"Nakano City, Japan",https://stackoverflow.com/jobs/409035
フリーランス　ポイント管理システム開発　30代・40代活躍中,株式会社ビーブレイクシステムズ,"Setagaya City, Japan",https://stackoverflow.com/jobs/409034
ITスタッフ,type転職エージェント,"Chofu, Japan",https://stackoverflow.com/jobs/345761
フリーランス　システム開発支援　30代・40代活躍中,株式会社ビーブレイクシステムズ,"Hachioji, Japan",https://stackoverflow.com/jobs/409031
フリーランス　金融業向けシステム構築エンジニア　30代・40代活躍中,株式会社ビーブレイクシステムズ,"Yokohama, Japan",https://stackoverflow.com/jobs/409000
業務系アプリケーション開発/年収900万円も可能!,株式会社イーエムアイ,"Yokohama, Japan",https://stackoverflow.com/jobs/408998
フリーランス　アプリケーション開発エンジニア　30代・40代活躍中,株式会社ビーブレイクシステムズ,"Kawasaki, Japan",https://stackoverflow.com/jobs/408996
フリーランス　システム自動化業務　30代・40代活躍中,株式会社ビーブレイクシステムズ,"Yokohama, Japan",https://stackoverflow.com/jobs/408993
フリーランス　システム更改業務　30代・40代活躍中,株式会社ビーブレイクシステムズ,"Kawasaki, Japan",https://stackoverflow.com/jobs/408992
フリーランス　生産管理システム開発　30代・40代活躍中,株式会社ビーブレイクシステムズ,"Ichihara, Japan",https://stackoverflow.com/jobs/408982
フリーランス　システム自動化業務　30代・40代活躍中,株式会社ビーブレイクシステムズ,"Chiba, Japan",https://stackoverflow.com/jobs/408981
業務系アプリケーション開発/年収900万円も可能!,株式会社イーエムアイ,"Saitama, Japan",https://stackoverflow.com/jobs/408980
フリーランス　インフラ対応エンジニア　30代・40代活躍中,株式会社ビーブレイクシステムズ,"Wako, Japan",https://stackoverflow.com/jobs/408978
システムエンジニア・プログラマ,株式会社アンクス,"Kagoshima, Japan",https://stackoverflow.com/jobs/408739
昭島駅|システムエンジニア(SE PG) 経験の浅い方も歓迎 賞与年2回 有給休暇取得率100% |ネットワーク サーバー設計 構築 運用 保守,株式会社セプト 常駐先,"Akishima, Japan",https://stackoverflow.com/jobs/408714
"C言語の開発案件 PMO,PM,SE(北府中)",株式会社ビーネックスソリューションズ,"Fuchu, Japan",https://stackoverflow.com/jobs/408713
"北府中 C言語の開発案件 PMO,PM,SE",株式会社ビーネックスソリューションズ,"Fuchu, Japan",https://stackoverflow.com/jobs/408712
システムエンジニア|要開発経験1年以上|有給100取得推奨|転勤無/自社orお客様先で就業,"転職支援インター・スクエアー,Inc.","Osaka, Japan",https://stackoverflow.com/jobs/408009
システム開発エンジニア|月給24万円~|想定年収300~400万円|本町|62771|採用担当:小野,"転職支援インター・スクエアー,Inc.","Osaka, Japan",https://stackoverflow.com/jobs/408007
システムエンジニア|上流~関わる直接受託開発PJ|要開発経験1年以上|転勤無/ほぼ大阪市内SES勤務,"転職支援インター・スクエアー,Inc.","Osaka, Japan",https://stackoverflow.com/jobs/408008
プログラマー/システムエンジニア|実務経験あればOK|転勤なし(大阪/神戸勤務),"転職支援インター・スクエアー,Inc.","Osaka, Japan",https://stackoverflow.com/jobs/408006
【プライム案件多数】上流~下流に携われるシステムエンジニア@Java　【大阪】,ノバシステム株式会社,"Osaka, Japan",https://stackoverflow.com/jobs/408688
ネット銀行向けシステム構築 COBOL(銀行経験者) 運用管理 (ソフトウェア会社でのお仕事です ) COBOL,株式会社スタッフサービス,"Yokohama, Japan",https://stackoverflow.com/jobs/408679
大手通信キャリア管理,株式会社ビーネックスソリューションズ,"Shinagawa City, Japan",https://stackoverflow.com/jobs/408406
システムエンジニア、プログラマー(未経験者可),株式会社 ユニテツク,"Gifu, Japan",https://stackoverflow.com/jobs/408394
佐賀オフィス勤務(システムエンジニア・プログラマ)　※8月に事務所開設,グローバルブレインズ株式会社,"Saga, Japan",https://stackoverflow.com/jobs/408392
COBOLエンジニア大崎 401K確定拠出年金 開発・保守,株式会社ビーネックスソリューションズ,"Shinagawa City, Japan",https://stackoverflow.com/jobs/408391
金融システムプログラミング (ソフトウェア会社でのお仕事です ) Java,株式会社スタッフサービス,"Okayama, Japan",https://stackoverflow.com/jobs/408333
プログラマ,株式会社アーキパートナーズ,"Shinjuku City, Japan",https://stackoverflow.com/jobs/408318
ITスタッフ(開発部),type転職エージェント,"Chofu, Japan",https://stackoverflow.com/jobs/403134
プログラマー,株式会社ウィズシステム,"Osaka, Japan",https://stackoverflow.com/jobs/387992
ITエンジニア,株式会社ラディックス,"Fukuoka, Japan",https://stackoverflow.com/jobs/408292
プログラマ,合同会社ユーザーフレンドリーカンパニー,"Koshigaya, Japan",https://stackoverflow.com/jobs/408287
ITコンサルタント職/次へのキャリアアップに向けた圧倒的成長環境! (開発経験1年以上必須・全国出張あり),株式会社Trueone,"Shibuya City, Japan",https://stackoverflow.com/jobs/397165
プロジェクトサポート・PMO,株式会社言語サービス,"Tama, Japan",https://stackoverflow.com/jobs/397164
SE・プログラマー(COBOL),株式会社横浜ビットシステム,"Minato City, Japan",https://stackoverflow.com/jobs/312814
ネットワークエンジニア,株式会社タキザワキャリア,"Chiyoda City, Japan",https://stackoverflow.com/jobs/389591
システムエンジニア,エスエイティーティー株式会社,"Chiyoda City, Japan",https://stackoverflow.com/jobs/388402
SE,株式会社メトロ,"Numazu, Japan",https://stackoverflow.com/jobs/408015
SE,ニュートラル株式会社,"Shizuoka, Japan",https://stackoverflow.com/jobs/408005
ヘルプデスク(ITインストラクター) ※未経験者可,株式会社 ユニテツク,"Nagoya, Japan",https://stackoverflow.com/jobs/407997
生産物流システム要件定義 (システム開発会社) Java,株式会社スタッフサービス,"Toyota, Japan",https://stackoverflow.com/jobs/333503
システムエンジニア 業務系アプリケーションエンジニア プログラマ,株式会社Her's,"Nagoya, Japan",https://stackoverflow.com/jobs/379356
即日 交通費支給/C、C++/COBOLコンパイラ製品開発,株式会社エーティーエス,"Kobe, Japan",https://stackoverflow.com/jobs/379352
システムエンジニア,サンライズシステム株式会社,"Ota City, Japan",https://stackoverflow.com/jobs/378872
正社員8名募集 東証一部上場/クレジット決済ネットワーク開発,株式会社エーティーエス,"Shinjuku City, Japan",https://stackoverflow.com/jobs/388975
システム開発支援業務,株式会社ビーネックスソリューションズ,"Koto City, Japan",https://stackoverflow.com/jobs/407553
保守の支援業務,株式会社ビーネックスソリューションズ,"Koto City, Japan",https://stackoverflow.com/jobs/407552
WEBアプリケーションエンジニア,株式会社GSI,"Fukuoka, Japan",https://stackoverflow.com/jobs/407523
SE・プログラマー(JAVA・VB・C・.NET・インフラ),株式会社横浜ビットシステム,"Tama, Japan",https://stackoverflow.com/jobs/345760
プログラマー・SE,株式会社タイロス,"Fuchu, Japan",https://stackoverflow.com/jobs/345754
ITエンジニア,キャル株式会社　福岡オフィス,"Fukuoka, Japan",https://stackoverflow.com/jobs/407360
Mainframe/COBOL with Java,"JPMorgan Chase Bank, N.A.","Wilmington, DE",https://stackoverflow.com/jobs/406890
ソフトウェア 情報処理 専門コンサル,株式会社Her's,"Chiyoda City, Japan",https://stackoverflow.com/jobs/396628
ソフトウェア 情報処理,株式会社Her's,"Shibuya City, Japan",https://stackoverflow.com/jobs/396610
システムエンジニア,株式会社アスパーク浜松,"Hamamatsu, Japan",https://stackoverflow.com/jobs/396606
プログラマ,株式会社シャタイシステムズ,"Tokyo, Japan",https://stackoverflow.com/jobs/378155
エンジニア,株式会社エニプラ,"Chiyoda City, Japan",https://stackoverflow.com/jobs/388403
基幹システムの開発、運用/開発エンジニア,パーソルテクノロジースタッフ株式会社,"Tsukubamirai, Japan",https://stackoverflow.com/jobs/388043
ITエンジニア,株式会社Lincs,"Chuo City, Japan",https://stackoverflow.com/jobs/378631
システムエンジニア、プログラマー,有限会社日本コミュニケーションシステム,"Chiba, Japan",https://stackoverflow.com/jobs/345101
プログラマー,株式会社シンメトリア,"Chuo City, Japan",https://stackoverflow.com/jobs/335528
システムエンジニア《自社開発/自社製品》リーダー候補,株式会社BBSアウトソーシングサービス,"Minato City, Japan",https://stackoverflow.com/jobs/382356
プログラマー,株式会社キャデット,"Minato City, Japan",https://stackoverflow.com/jobs/383670
システムエンジニア,株式会社キャデット,"Minato City, Japan",https://stackoverflow.com/jobs/383671
システムエンジニア,株式会社リーディング・エッジ社,"Minato City, Japan",https://stackoverflow.com/jobs/375873
大手企業の正社員 金融系業務アプリケーションエンジニア,株式会社エーティーエス,"Shinjuku City, Japan",https://stackoverflow.com/jobs/406172
日吉町駅|システムエンジニア(業務系)リーダー候補 テレ静100%出資企業 年間休日120日以上 |プロジェクトマネージャ(オープン WEB系),テレビ静岡システムクリエイツ株式会社 静岡県東部、静岡県中部,"Shizuoka, Japan",https://stackoverflow.com/jobs/406926
システム開発,マンパワーグループ株式会社,"Osaka, Japan",https://stackoverflow.com/jobs/406925
ITエンジニア,株式会社日本シスラボ,"Toshima City, Japan",https://stackoverflow.com/jobs/388036
アプリエンジニアHONDA案件,システムズ・デザイン株式会社,"板橋区, Japan",https://stackoverflow.com/jobs/375883
"Full Stack with Java, Kafka, and Cobol","JPMorgan Chase Bank, N.A.","Wilmington, DE",https://stackoverflow.com/jobs/406891
システムエンジニア,ブライザ株式会社,"Ikeda, Japan",https://stackoverflow.com/jobs/309728
SE・プログラマー,株式会社横浜ビットシステム,"Yokohama, Japan",https://stackoverflow.com/jobs/309012
JAVAエンジニア,株式会社横浜ビットシステム,"Yokohama, Japan",https://stackoverflow.com/jobs/309011
Java/生保/個人保険システムの保全業務担当,株式会社ブレーンネット,"Saitama, Japan",https://stackoverflow.com/jobs/308923
30代活躍/COBOL+Java/生命保険システムの保守,株式会社ブレーンネット,"Saitama, Japan",https://stackoverflow.com/jobs/308919
iSeries DB2 Database Administrator,OneMain,"Fort Worth, TX",https://stackoverflow.com/jobs/339796
派遣/残業少なめ COBOL Java@西新 COBOL,株式会社スタッフサービス　エンジニアガイド,"福岡市, Japan",https://stackoverflow.com/jobs/308894
Senior iSeries DB2 Database Administrator,OneMain,"Evansville, IN",https://stackoverflow.com/jobs/396582
システムエンジニア,羽石株式会社,"Taito City, Japan",https://stackoverflow.com/jobs/377620
ITエンジニア,JYJサンブリッジ株式会社,"Chuo City, Japan",https://stackoverflow.com/jobs/377619
プログラマー,インテグレート　トータルシステム 株式会社,"Osaka, Japan",https://stackoverflow.com/jobs/377605
【プライム案件多数】上流~下流に携われるシステムエンジニア@Java　【東京】,ノバシステム株式会社,"Minato City, Japan",https://stackoverflow.com/jobs/376733
7月 安定の大手メーカー 物流基幹システムサーバ更新 Java,株式会社クリエイト・マンパワーサービス,"Chuo City, Japan",https://stackoverflow.com/jobs/406726
システムエンジニア・プログラマ,ブルームシステムズ株式会社,"Kawasaki, Japan",https://stackoverflow.com/jobs/395804
組み込み系SE/プログラマ,ブルームシステムズ株式会社,"Kawasaki, Japan",https://stackoverflow.com/jobs/395803
Softwareentwickler (m/w/d) Backend – Java / COBOL,ING-DiBa AG,"Frankfurt am Main, Deutschland",https://stackoverflow.com/jobs/395705
医療系システムの導入支援エンジニア,サンケンフォーキャスト株式会社,"Kumamoto, Japan",https://stackoverflow.com/jobs/377321
SE(システムエンジニア),株式会社アイリス,"Chiyoda City, Japan",https://stackoverflow.com/jobs/309890
開発:ネットワークエンジニア,株式会社情報電子,"Toshima City, Japan",https://stackoverflow.com/jobs/309931
《千葉》アプリ開発エンジニア　《フコク生命ユーザー系企業》,フコク情報システム株式会社,"Chiyoda City, Japan",https://stackoverflow.com/jobs/311000
2021 新卒採用 ソフトウエア 、 情報処理,グローバルテクノロジーサービス株式会社,"Shinjuku City, Japan",https://stackoverflow.com/jobs/391224
プロジェクトリーダー,type転職エージェント,"Shinagawa City, Japan",https://stackoverflow.com/jobs/311462
金融システムエンジニア,type転職エージェント,"Minato City, Japan",https://stackoverflow.com/jobs/393131
開発:システムエンジニア,株式会社情報電子,"Toshima City, Japan",https://stackoverflow.com/jobs/310992
SE・システムエンジニア,株式会社ラストフォート,"Adachi City, Japan",https://stackoverflow.com/jobs/346730
システムエンジニア,type転職エージェント,"Minato City, Japan",https://stackoverflow.com/jobs/393130
開発エンジニア,ワークタンク,"Chiyoda City, Japan",https://stackoverflow.com/jobs/311003
ネットワーク・サーバーエンジニア,株式会社オネストインフォ,"Chuo City, Japan",https://stackoverflow.com/jobs/406527
WEBプログラマー,株式会社タキザワキャリア,"Sanda, Japan",https://stackoverflow.com/jobs/340540
持株会/財形システムの移行対応,株式会社ブレーンネット,"Chuo City, Japan",https://stackoverflow.com/jobs/328502
プログラマー,アズウェル株式会社,"Sanda, Japan",https://stackoverflow.com/jobs/388035
プログラマー,株式会社オネストインフォ,"Chuo City, Japan",https://stackoverflow.com/jobs/406525
派遣/[土日休×高時給]ソフトウェア開発のお仕事@鹿児島,株式会社スタッフサービス　エンジニアガイド,"Kagoshima, Japan",https://stackoverflow.com/jobs/343276
オープン・汎用・モバイル等SE/PG,ワークタンク,"Chuo City, Japan",https://stackoverflow.com/jobs/377944
開発:プログラマ,株式会社情報電子,"Toshima City, Japan",https://stackoverflow.com/jobs/310993
システムエンジニア,C-HRC株式会社,"Shinagawa City, Japan",https://stackoverflow.com/jobs/346736
業務系システムエンジニア,株式会社ヨコタエンタープライズ,"Chiyoda City, Japan",https://stackoverflow.com/jobs/403169
社員登用 土日休:IT事務・システムエンジニア/SE,株式会社ワールド避雷針工業,"Chiyoda City, Japan",https://stackoverflow.com/jobs/340786
上流のみ/エネルギー企業向けシステムリプレイス,株式会社ブレーンネット,"Chuo City, Japan",https://stackoverflow.com/jobs/346729
ポジションサーチ,type転職エージェント,"Osaka, Japan",https://stackoverflow.com/jobs/340473
プログラマー/システムエンジニア,ワークタンク,"Yokkaichi, Japan",https://stackoverflow.com/jobs/381224
ソフトウェア開発技術者,ワークタンク,"Chiyoda City, Japan",https://stackoverflow.com/jobs/309926
金融系SE,type転職エージェント,"Shinjuku City, Japan",https://stackoverflow.com/jobs/310391
プロジェクトマネージャー,type転職エージェント,"Chiyoda City, Japan",https://stackoverflow.com/jobs/390675
汎用系エンジニア,type転職エージェント,"Chiyoda City, Japan",https://stackoverflow.com/jobs/390674
プログラマ,type転職エージェント,"Chiyoda City, Japan",https://stackoverflow.com/jobs/390673
実装エンジニア(業務・IT),オープンリソース株式会社,"Shinjuku City, Japan",https://stackoverflow.com/jobs/309906
webデザイナー,ビズ・リファイン株式会社,"Fukuoka, Japan",https://stackoverflow.com/jobs/375522
システムソリューション事業,株式会社サントラスト,"Ogawa, Japan",https://stackoverflow.com/jobs/356573
PM,type転職エージェント,"Shinjuku City, Japan",https://stackoverflow.com/jobs/311497
システムエンジニア,株式会社RADソリューションズ,"Kumamoto, Japan",https://stackoverflow.com/jobs/403146
SE・PG/資格取得支援/上流工程に携われる,株式会社SET,"Osaka, Japan",https://stackoverflow.com/jobs/406378
SE・PG/年間休日125日/土日祝休み,株式会社SET,"Osaka, Japan",https://stackoverflow.com/jobs/406377
派遣/COBOL/Java 工場内業務に関するシステムのPM・SE COBOL,株式会社スタッフサービス　エンジニアガイド,"Misato, Japan",https://stackoverflow.com/jobs/344143
自動車部品会社の社内SE,株式会社山陽テクノサービス,"Ibara, Japan",https://stackoverflow.com/jobs/356772
正社員11名募集 金融向け決済ネットワーク/開発SE・PM,株式会社エーティーエス,"Shinjuku City, Japan",https://stackoverflow.com/jobs/403136
システムエンジニア、インフラ基盤エンジニア,株式会社ウェブスター,"Shibuya City, Japan",https://stackoverflow.com/jobs/313257
アプリケーションエンジニア,株式会社ギガ,"Setagaya City, Japan",https://stackoverflow.com/jobs/343832
社内基幹システムのSE(自社内勤務/目白台・西新宿),type転職エージェント,"新宿区, Japan",https://stackoverflow.com/jobs/309875
日本・アジア・米国で躍進するグローバル企業で新卒・転職枠で台湾人エンジニア募集!!,亜細亜人材服務,"Shinjuku City, Japan",https://stackoverflow.com/jobs/319808
ITアーキテクト(アーキテクチャ・マネジメント),type転職エージェント,"Chofu, Japan",https://stackoverflow.com/jobs/345762
プロジェクトマネージャー,リファレンス株式会社,"Shinjuku City, Japan",https://stackoverflow.com/jobs/315877
システム開発リーダー候補(ポテンシャル採用),日本トラスティ・サービス信託銀行株式会社,"Fuchu, Japan",https://stackoverflow.com/jobs/331965
ソフトウェア開発,アドバンスデザインテクノロジー株式会社,"Fuchu, Japan",https://stackoverflow.com/jobs/309916
システムエンジニア/生損保業界向け,type転職エージェント,"Tama, Japan",https://stackoverflow.com/jobs/345756
"SE,PG",株式会社協同システムエンジニアリング,"Fuchu, Japan",https://stackoverflow.com/jobs/355404
システムエンジニア:SE 上流SE,株式会社アグレックス,"Tama, Japan",https://stackoverflow.com/jobs/394699
システム改修・テスト環境運用,株式会社エーティーエス,"Osaka, Japan",https://stackoverflow.com/jobs/345768
システムエンジニア,小林製薬株式会社,"Osaka, Japan",https://stackoverflow.com/jobs/309401
社内PG・システム管理/バイク用品,株式会社カスタムジャパン,"Chuo City, Japan",https://stackoverflow.com/jobs/331961
SE(システムエンジニア),タイキシステム株式会社,"Osaka, Japan",https://stackoverflow.com/jobs/309383
プログラマー,アズウェル株式会社,"Tomigusuku, Japan",https://stackoverflow.com/jobs/386996
SE,リファレンス株式会社,"Osaka, Japan",https://stackoverflow.com/jobs/312142
社内SE・情報システム管理/バイク用品,株式会社カスタムジャパン,"Chuo City, Japan",https://stackoverflow.com/jobs/331962
プログラマー,タイキシステム株式会社,"Osaka, Japan",https://stackoverflow.com/jobs/370363
サーバリプレース基盤支援作業評価・テスト (ソフトウェア会社でのお仕事です ) Linux,株式会社スタッフサービス,"Yokohama, Japan",https://stackoverflow.com/jobs/355352
外国人歓迎のSAPエンジニア,株式会社日立システムズエンジニアリングサービス,"Yokohama, Japan",https://stackoverflow.com/jobs/309014
業務系SE《浜松市・静岡市勤務》/福利厚生充実,ニュートラル株式会社,"Shizuoka, Japan",https://stackoverflow.com/jobs/309269
大手ITベンダーで生産管理システム開発,ディプロス株式会社,"Nagoya, Japan",https://stackoverflow.com/jobs/327567
プログラマー,アズウェル株式会社,"Nagoya, Japan",https://stackoverflow.com/jobs/386991
経験3年以上|業務系SE,株式会社イークリエイト,"Nagoya, Japan",https://stackoverflow.com/jobs/351857
業務系SE・PG《自社内案件有/社風働き方重視の方にお勧め》,名古屋総合システム株式会社,"Nagoya, Japan",https://stackoverflow.com/jobs/308928
業務系SE《自社内案件有/名古屋市》/1次請け案件有,名古屋総合システム株式会社,"Nagoya, Japan",https://stackoverflow.com/jobs/308929
システムエンジニア(福岡勤務)/システムインテグレータ・ソフトハウス,アジアクエスト 株式会社,"Fukuoka, Japan",https://stackoverflow.com/jobs/401834
弊社福岡事業所にて社内エンジニア(電子カルテシステム・PCのマシン保守)を募集! 常勤 企業,株式会社ビー・エム・エル 福岡事業所,"Fukuoka, Japan",https://stackoverflow.com/jobs/308893
ハッカー(プログラマー),株式会社AliveCast,"Fukuoka, Japan",https://stackoverflow.com/jobs/344949
システムエンジニア(汎用系),type転職エージェント,"Inzai, Japan",https://stackoverflow.com/jobs/308992
プログラマー、システムエンジニア、プロジェクトリーダー,株式会社KCS,"Urayasu, Japan",https://stackoverflow.com/jobs/308990
システムエンジニア,株式会社創源,"Chiyoda City, Japan",https://stackoverflow.com/jobs/308914
プログラマー,タイキシステム株式会社,"Kobe, Japan",https://stackoverflow.com/jobs/370338
SE(システムエンジニア),タイキシステム株式会社,"Kobe, Japan",https://stackoverflow.com/jobs/308884
システムエンジニア,株式会社アスパーク浜松,"Kofu, Japan",https://stackoverflow.com/jobs/405671
エンジニア,フォワードソフト株式会社,"Taito City, Japan",https://stackoverflow.com/jobs/375872
システムエンジニア,株式会社ゼファシステムズ,"Shinagawa City, Japan",https://stackoverflow.com/jobs/375870
SE(システムエンジニア),株式会社SCAシステム,"Toshima City, Japan",https://stackoverflow.com/jobs/375861
自社製品開発のPHPエンジニア,株式会社ユーエスエス,"Minato City, Japan",https://stackoverflow.com/jobs/375823
Java開発エンジニア/未経験/東京,エヌエスイー株式会社,"Chiyoda City, Japan",https://stackoverflow.com/jobs/309925
Java開発,株式会社ユーエスエス,"Minato City, Japan",https://stackoverflow.com/jobs/375756
2021 新卒採用 物流・倉庫 、 陸運(貨物・バス・タクシー),福岡倉庫株式会社,"Yamaguchi, Japan",https://stackoverflow.com/jobs/375589
SE(ビジネスアプリケーション系),株式会社アイアンドシー,"Inzai, Japan",https://stackoverflow.com/jobs/375552
証券向け勘定系システムリニューアル(C#),株式会社アイソル,"Chiyoda City, Japan",https://stackoverflow.com/jobs/309884
2年目より年収500万以上可な　社内システムエンジニア(SE)　　転勤無し、残業ほぼ無し,株式会社ラルスコーポレーション,"Osaka, Japan",https://stackoverflow.com/jobs/404851
大甕駅|業務系/制御系SE経験者募集 土日祝休み 福利厚生多数有り|テクニカルサポート,株式会社TACソフトウェア 株式会社TACソフトウェア,"Hitachi, Japan",https://stackoverflow.com/jobs/404623
C#エンジニア/インターネット/Webサービス・ASP,株式会社 エフ・アイ・ティ,"Toshima City, Japan",https://stackoverflow.com/jobs/404586
業平橋駅|システムエンジニア(SE PG) 経験の浅い方も歓迎 賞与年2回 有給休暇取得率100% |アプリケーション設計(オープン WEB系),株式会社セプト 常駐先,"Sumida City, Japan",https://stackoverflow.com/jobs/404544
大島駅|システムエンジニア(PHP)即戦力 経験者歓迎|アプリケーション設計(オープン WEB系),シンカ・システムズ株式会社 本社,"Koto City, Japan",https://stackoverflow.com/jobs/404543
上野駅|システムエンジニア(SE PG) 経験の浅い方も歓迎 賞与年2回 有給休暇取得率100% |ネットワーク サーバー設計 構築 運用 保守,株式会社セプト 常駐先,"Taito City, Japan",https://stackoverflow.com/jobs/404541
亀戸駅|システムエンジニア(PHP)即戦力 経験者歓迎|プログラマ(オープン WEB系),シンカ・システムズ株式会社 本社,"Koto City, Japan",https://stackoverflow.com/jobs/404540
お花茶屋駅|システムエンジニア(SE PG) 経験の浅い方も歓迎 賞与年2回 有給休暇取得率100% |アプリケーション設計(オープン WEB系),株式会社セプト 常駐先,"Katsushika City, Japan",https://stackoverflow.com/jobs/404539
鶯谷駅|Web系開発プログラマ SEJava案件が豊富 グローバルに活躍できる |アプリケーション設計(オープン WEB系),株式会社ジャパンコミュニケーション 本社,"Taito City, Japan",https://stackoverflow.com/jobs/404537
京成立石駅|システムエンジニア(SE PG) 経験の浅い方も歓迎 賞与年2回 有給休暇取得率100% |プログラマ(オープン WEB系),株式会社セプト 常駐先,"Katsushika City, Japan",https://stackoverflow.com/jobs/404536
江戸川橋駅|ITエンジニア直請け 完全週休2日 残業月20h 年俸制|アプリケーション設計(オープン WEB系),エスプラナード・ワン株式会社 本社,"Bunkyo City, Japan",https://stackoverflow.com/jobs/404472
鬼子母神前駅|システム開発(WEBシステムSE PG)スキルチェンジも歓迎|アプリケーション設計(オープン WEB系),株式会社エーム 東京本社,"Toshima City, Japan",https://stackoverflow.com/jobs/404470
大塚駅前駅|WEB オープン系のプログラマ安定基盤 成長IT企業の正社員|プログラマ(オープン WEB系),株式会社オー・エム・ケー 大塚事業所,"Toshima City, Japan",https://stackoverflow.com/jobs/404469
アプリケーションエンジニア,type転職エージェント,"Minato City, Japan",https://stackoverflow.com/jobs/404304
システムエンジニア(自社サービス開発・導入/マイグレーション),株式会社シーイーシー,"Shibuya City, Japan",https://stackoverflow.com/jobs/394710
ITコンサルタント職/システム開発経験をいかしてみませんか?(開発経験1年以上必須・コンサル未経験歓迎・全国出張あり),株式会社Trueone,"Shibuya City, Japan",https://stackoverflow.com/jobs/394701
プログラマ,株式会社アズ・アイビーシー,"Fukuoka, Japan",https://stackoverflow.com/jobs/394689
福山駅|プログラマ(経験者)経験年数不問 広島 転勤なし 賞与年2回 土日祝休み|データベース設計 構築 運用 保守(オープン WEB系),株式会社アーツ・アソシエ 川口営業所 または 福山市近郊,"Fukuyama, Japan",https://stackoverflow.com/jobs/403996
管理システム基本設計 (システム開発企業) COBOL,株式会社スタッフサービス,"Minato City, Japan",https://stackoverflow.com/jobs/403995
東池袋駅|システム開発(WEBシステムSE PG)スキルチェンジも歓迎|プログラマ(オープン WEB系),株式会社エーム 東京本社,"Toshima City, Japan",https://stackoverflow.com/jobs/403983
2021 新卒採用 情報処理 、 ソフトウエア、受託開発,エコービジネスソフトウエア株式会社,"Shinagawa City, Japan",https://stackoverflow.com/jobs/403980
社内システム関連業務 (石油メーカー) Java,株式会社スタッフサービス,"Hiroshima, Japan",https://stackoverflow.com/jobs/403971
練馬駅|システムエンジニア(SE PG) 経験の浅い方も歓迎 賞与年2回 有給休暇取得率100% |プログラマ(オープン WEB系),株式会社セプト 常駐先,"Nerima City, Japan",https://stackoverflow.com/jobs/403901
本郷三丁目駅|オープン系 Web系システムエンジニア上流工程に携われます|プログラマ(オープン WEB系),サン情報サービス株式会社 本社,"Bunkyo City, Japan",https://stackoverflow.com/jobs/403851
アプリケーション設計(オープン・WEB系) コンサルティングファーム・シンクタンク,日本アイ・ビー・エム グループ,"Niigata, Japan",https://stackoverflow.com/jobs/403787
浅草橋駅|システムエンジニア プログラマー完全週休2日制 年間休日120日以上 |プログラマ(オープン WEB系),株式会社テクノリンク 本社,"Taito City, Japan",https://stackoverflow.com/jobs/403735
プロジェクトリーダー、プロジェクトマネージャー,株式会社アプリケーションスペース,"Taito City, Japan",https://stackoverflow.com/jobs/403644
久米川駅|システムエンジニア(SE PG) 経験の浅い方も歓迎 賞与年2回 有給休暇取得率100% |プログラマ(オープン WEB系),株式会社セプト 常駐先,"Higashimurayama, Japan",https://stackoverflow.com/jobs/403642
金融系システムエンジニア,日本コンピュータシステム株式会社,"Minato City, Japan",https://stackoverflow.com/jobs/398244
蔵前駅|システムエンジニア プログラマー完全週休2日制 年間休日120日以上 |プログラマ(オープン WEB系),株式会社テクノリンク 本社,"Taito City, Japan",https://stackoverflow.com/jobs/403456
SE PG オープン系・WEB系・スマートフォンアプリ,株式会社バンキングシステムズ,"Chiyoda City, Japan",https://stackoverflow.com/jobs/396935
大塚駅|システムエンジニアプロジェクトマネージャ候補,株式会社オー・エム・ケー 大塚事業所,"Toshima City, Japan",https://stackoverflow.com/jobs/403454
UNIX COBOLエンジニア,株式会社ビットストロング,"Minato City, Japan",https://stackoverflow.com/jobs/394182
都庁前駅|システムエンジニア上流工程から一貫して全ての工程に携われます |アプリケーション設計(オープン WEB系),株式会社ヴァンガードテクノロジー 株式会社ヴァンガードテクノロジー,"Shinjuku City, Japan",https://stackoverflow.com/jobs/403389
システムエンジニア,株式会社日本国際IT人材協力機構,"Taito City, Japan",https://stackoverflow.com/jobs/394365
システムエンジニア,ビジネスソフトサービス株式会社,"Chiba, Japan",https://stackoverflow.com/jobs/394001
Softwareentwickler (w/m/d) COBOL für die Abteilung IT-Anwendungsentwicklung,Süddeutsche Krankenversicherung a.G.,"Fellbach, Deutschland",https://stackoverflow.com/jobs/393507
システムエンジニア/田町,株式会社メトロ,"Minato City, Japan",https://stackoverflow.com/jobs/402899
上流SE(金融系システム)/田町,株式会社メトロ,"Minato City, Japan",https://stackoverflow.com/jobs/402896
上流SE(銀行案件)/田町,株式会社メトロ,"Minato City, Japan",https://stackoverflow.com/jobs/402892
上流SE候補(金融系システム)/静岡,株式会社メトロ,"Numazu, Japan",https://stackoverflow.com/jobs/402832
《静岡》上流SE(金融系システム),株式会社メトロ,"Numazu, Japan",https://stackoverflow.com/jobs/402831
上流SE(銀行案件)/静岡,株式会社メトロ,"Numazu, Japan",https://stackoverflow.com/jobs/402829
自治体向けアプリケーションプログラミング (システム開発関連会社) Java,株式会社スタッフサービス,"Fukuoka, Japan",https://stackoverflow.com/jobs/402789
技術職,サピエンステクノロジー・ジャパン株式会社,"Yokohama, Japan",https://stackoverflow.com/jobs/379704
システムエンジニア,合同会社学房,"Osaka, Japan",https://stackoverflow.com/jobs/384855
【金融系SE】リーダー候補ポジション　(沖縄),SBヒューマンキャピタル株式会社,"Urasoe, Japan",https://stackoverflow.com/jobs/402335
【システムエンジニア】創業30年!リーダー候補募集!,SBヒューマンキャピタル株式会社,"Urasoe, Japan",https://stackoverflow.com/jobs/402334
自治体向けシステムデバッグ・プログラミング修正 (情報システム開発会社) Java,株式会社スタッフサービス,"Matsusaka, Japan",https://stackoverflow.com/jobs/402216
京王永山駅|システムエンジニア(SE PG) 経験の浅い方も歓迎 賞与年2回 有給休暇取得率100% |ネットワーク サーバー設計 構築 運用 保守,株式会社セプト 常駐先,"Tama, Japan",https://stackoverflow.com/jobs/402068
玉川学園前駅|システムエンジニア(SE PG) 経験の浅い方も歓迎 賞与年2回 有給休暇取得率100% |プログラマ(オープン WEB系),株式会社セプト 常駐先,"Machida, Japan",https://stackoverflow.com/jobs/402067
町田駅|システムエンジニア(SE PG) 経験の浅い方も歓迎 賞与年2回 有給休暇取得率100% |アプリケーション設計(オープン WEB系),株式会社セプト 常駐先,"Machida, Japan",https://stackoverflow.com/jobs/402066
横浜駅|SE汎用機から自社製品まで,株式会社エニー 本社,"Yokohama, Japan",https://stackoverflow.com/jobs/402065
南阿佐ヶ谷駅|システムエンジニア(SE PG) 経験の浅い方も歓迎 賞与年2回 有給休暇取得率100% |ネットワーク サーバー設計 構築 運用 保守,株式会社セプト 常駐先,"Suginami City, Japan",https://stackoverflow.com/jobs/401925
西新宿五丁目駅|システムエンジニア上流工程から一貫して全ての工程に携われます |アプリケーション設計(オープン WEB系),株式会社ヴァンガードテクノロジー 株式会社ヴァンガードテクノロジー,"新宿区, Japan",https://stackoverflow.com/jobs/401924
幡ヶ谷駅|システムエンジニア プログラマ残業代支給 手当充実|アプリケーション設計(オープン WEB系),株式会社ヒューマンリング 本社,"Shibuya City, Japan",https://stackoverflow.com/jobs/401923
代々木上原駅|システムエンジニア プログラマ残業代支給 手当充実|プログラマ(オープン WEB系),株式会社ヒューマンリング 本社,"Shibuya City, Japan",https://stackoverflow.com/jobs/401920
初台駅|システムエンジニア プログラマ残業代支給 手当充実|プログラマ(オープン WEB系),株式会社ヒューマンリング 本社,"Shibuya City, Japan",https://stackoverflow.com/jobs/401919
日野駅|システムエンジニア(SE PG) 経験の浅い方も歓迎 賞与年2回 有給休暇取得率100% |アプリケーション設計(オープン WEB系),株式会社セプト 常駐先,"Hino, Japan",https://stackoverflow.com/jobs/401917
本町駅|システムエンジニア(SE PG)経験者募集 資格取得支援あり 退職金制度あり 土日祝休み|プログラマ(オープン WEB系),株式会社MIS 株式会社MIS,"Osaka, Japan",https://stackoverflow.com/jobs/401899
京急川崎駅|システムエンジニア(SE PG) 経験の浅い方も歓迎 賞与年2回 有給休暇取得率100% |ネットワーク サーバー設計 構築 運用 保守,株式会社セプト 常駐先,"Kawasaki, Japan",https://stackoverflow.com/jobs/401894
馬車道駅|経験者募集システム開発技術者(オープン系、Web系)|アプリケーション設計(オープン WEB系),株式会社ヒューマンソリューションズ 株式会社ヒューマンソリューションズ,"横浜市, Japan",https://stackoverflow.com/jobs/401893
川崎駅|システムエンジニア(SE PG) 経験の浅い方も歓迎 賞与年2回 有給休暇取得率100% |プログラマ(オープン WEB系),株式会社セプト 常駐先,"Kawasaki, Japan",https://stackoverflow.com/jobs/401892
関内駅|経験者募集システム開発技術者(オープン系、Web系)|アプリケーション設計(オープン WEB系),株式会社ヒューマンソリューションズ 株式会社ヒューマンソリューションズ,"Yokohama, Japan",https://stackoverflow.com/jobs/401863
日本大通り駅|経験者募集システム開発技術者(オープン系、Web系)|アプリケーション設計(オープン WEB系),株式会社ヒューマンソリューションズ 株式会社ヒューマンソリューションズ,"Yokohama, Japan",https://stackoverflow.com/jobs/401862
新高島駅|SE汎用機から自社製品まで,株式会社エニー 本社,"Yokohama, Japan",https://stackoverflow.com/jobs/401861
堺筋本町駅|システムエンジニア(SE PG)経験者募集 資格取得支援あり 退職金制度あり 土日祝休み|プログラマ(オープン WEB系),株式会社MIS 株式会社MIS,"大阪市, Japan",https://stackoverflow.com/jobs/401851
朝霞台駅|ITエンジニア直請け 完全週休2日 残業月20h 年俸制|データベース設計 構築 運用 保守(オープン WEB系),エスプラナード・ワン株式会社 株式会社ホンダアクセス,"Asaka, Japan",https://stackoverflow.com/jobs/401831
新座駅|ITエンジニア直請け 完全週休2日 残業月20h 年俸制|アプリケーション設計(オープン WEB系),エスプラナード・ワン株式会社 株式会社ホンダアクセス,"Niiza, Japan",https://stackoverflow.com/jobs/401830
即日~長期/交通費/COBOL/料金・契約システムの再構築,株式会社エーティーエス,"Shibuya City, Japan",https://stackoverflow.com/jobs/384599
ネットワークエンジニア,株式会社インフォープライム,"Shinagawa City, Japan",https://stackoverflow.com/jobs/401454
システム開発エンジニア,M&Cシステム株式会社,"Osaka, Japan",https://stackoverflow.com/jobs/401448
システムエンジニア/Java/東京/定着率93%/月給50万+職務手当/賞与2回,ノバシステム株式会社,"Minato City, Japan",https://stackoverflow.com/jobs/309894
Javaスペシャリスト(未来革新PJT),SOMPOシステムズ株式会社,"Nakano City, Japan",https://stackoverflow.com/jobs/312107
Gruppenleiter (w/m/d) für die Abteilung IT-Anwendungsentwicklung,Süddeutsche Krankenversicherung a.G.,"Fellbach, Deutschland",https://stackoverflow.com/jobs/392903
お客様のEAI/ETL、DWH、BIに関わる技術支援,SBヒューマンキャピタル株式会社,"Chiyoda City, Japan",https://stackoverflow.com/jobs/401245
ITスペシャリスト採用,type転職エージェント,"Chofu, Japan",https://stackoverflow.com/jobs/401235
システムエンジニア,株式会社キャデット,"Hiroshima, Japan",https://stackoverflow.com/jobs/383698
プログラマー,株式会社キャデット,"Hiroshima, Japan",https://stackoverflow.com/jobs/383696
Software Engineer - JAVA API Kafka Mainframe,"JPMorgan Chase Bank, N.A.","Columbus, OH",https://stackoverflow.com/jobs/400783
プロジェクトマネージャー,NEUSOFTJapan株式会社,"Koto City, Japan",https://stackoverflow.com/jobs/383668
システムエンジニア,株式会社キャデット,"Osaka, Japan",https://stackoverflow.com/jobs/383646
プログラマー,株式会社キャデット,"Osaka, Japan",https://stackoverflow.com/jobs/383645
システムエンジニア,株式会社キャデット,"Fukuoka, Japan",https://stackoverflow.com/jobs/383636
プログラマー,株式会社キャデット,"Fukuoka, Japan",https://stackoverflow.com/jobs/383635
システムエンジニア,株式会社キャデット,"Kyoto, Japan",https://stackoverflow.com/jobs/383631
プログラマー,株式会社キャデット,"Kyoto, Japan",https://stackoverflow.com/jobs/383630
"Java Fullstack Developer - Thirdware (Ford), Chennai",Thirdware Solutions Limited,"Chennai, India",https://stackoverflow.com/jobs/401178
システムエンジニア【大阪・生保・金融・医療・産業関連の案件】,SBヒューマンキャピタル株式会社,"Osaka, Japan",https://stackoverflow.com/jobs/401014
【名古屋市・長久手市】Webプログラマー,株式会社ティエスケイ中部,"Chiyoda City, Japan",https://stackoverflow.com/jobs/401009
生保向け業務支援(Java),株式会社アイソル,"Chiyoda City, Japan",https://stackoverflow.com/jobs/310989
Director - Production & Site Reliability Engineering (SRE),"JPMorgan Chase Bank, N.A.","Columbus, OH",https://stackoverflow.com/jobs/400726
JAVAエンジニア,株式会社横浜ビットシステム,"Yokohama, Japan",https://stackoverflow.com/jobs/319185
システムエンジニア,株式会社シンメトリア,"Chuo City, Japan",https://stackoverflow.com/jobs/400549
令和3年新卒システムエンジニア・プログラマ,株式会社ティエスケイ中部,"Chiyoda City, Japan",https://stackoverflow.com/jobs/400507
システムエンジニア・プログラマ,株式会社ティエスケイ中部,"Chiyoda City, Japan",https://stackoverflow.com/jobs/400506
"Full Stack with Java, Kafka, and Cobol","JPMorgan Chase Bank, N.A.","Wilmington, DE",https://stackoverflow.com/jobs/400393
"Full Stack with Java, Kafka, and Cobol","JPMorgan Chase Bank, N.A.","Wilmington, DE",https://stackoverflow.com/jobs/400343
SE(システムエンジニア)、PG(プログラマー),株式会社エイム,"Setagaya City, Japan",https://stackoverflow.com/jobs/383040
2021 新卒採用 ソフトウエア 、 情報処理、インターネット関連、教育,株式会社グリーンウェイズ,"Toshima City, Japan",https://stackoverflow.com/jobs/391788
SE　PG,カルク,"Shinagawa City, Japan",https://stackoverflow.com/jobs/399838
Javaエンジニア,キャル株式会社,"Osaka, Japan",https://stackoverflow.com/jobs/399796
2021年新卒エンジニア,株式会社ユーエスエス,"Minato City, Japan",https://stackoverflow.com/jobs/382930
SEからITコンサルタントへ≪発注側支援ITコンサルタント≫,ウルシステムズ株式会社,"Chuo City, Japan",https://stackoverflow.com/jobs/382612
プロダクト開発エンジニア(HR領域)/業界No.1製品/,株式会社Works Human Intelligence,"Minato City, Japan",https://stackoverflow.com/jobs/382611
システムエンジニア,株式会社ユニテック,"Minato City, Japan",https://stackoverflow.com/jobs/399547
【ロースキルからスキルアップ】開発(言語不問)/NW運用,株式会社ビットストロングソリューションズ,"Minato City, Japan",https://stackoverflow.com/jobs/391215
アプリケーション設計(オープン・WEB系) コンサルティングファーム・シンクタンク,日本アイ・ビー・エム グループ,"Hiroshima, Japan",https://stackoverflow.com/jobs/391523
アプリケーション設計(オープン・WEB系) コンサルティングファーム・シンクタンク,日本アイ・ビー・エム グループ,"Osaka, Japan",https://stackoverflow.com/jobs/391516
アプリケーション設計(オープン・WEB系) コンサルティングファーム・シンクタンク,日本アイ・ビー・エム グループ,"Okayama, Japan",https://stackoverflow.com/jobs/391512
アプリケーション設計(オープン・WEB系) コンサルティングファーム・シンクタンク,日本アイ・ビー・エム グループ,"Chiba, Japan",https://stackoverflow.com/jobs/391505
アプリケーション設計(オープン・WEB系) コンサルティングファーム・シンクタンク,日本アイ・ビー・エム グループ,"Kyoto, Japan",https://stackoverflow.com/jobs/391504
